{"global_mean": -0.0008379544797462185, "global_std": 0.04180811318398491}